{"street": "Narrowway Av", "housenumber": "500"}
{"street": "Chile Aduana", "housenumber": "29"}
{"street": "Indrapuri 39", "housenumber": "No 1540"}
{"street": "Winterallee", "housenumber": "3"}
{"street": "Musterstrasse", "housenumber": "45"}
{"street": "Blaufeldweg", "housenumber": "123B"}
{"street": "Am Bächle", "housenumber": "23"}
{"street": "Auf der Vogelwiese", "housenumber": "23 b"}
{"street": "rue de la revolution", "housenumber": "4"}
{"street": "Broadway Av", "housenumber": "200"}
{"street": "Calle Aduana", "housenumber": "29"}
{"street": "Calle 39", "housenumber": "No 1540"}
